Investment Frequency,FTSE100_Value,SNP500_Value,EURO50_Value,Nikkei_Value,Total_Value
Monthly,7795.945011383564,24591.05795784283,9041.73418812755,12470.157834354959,53898.894991708905
Quarterly,7792.959124992858,24798.98116018595,9043.670861445738,12575.63157566349,54211.242722288036
Yearly,7715.231453670106,24575.04296729194,8992.483454981315,12443.387101414812,53726.14497735817
