Investment Frequency,FTSE100_Value,SNP500_Value,EURO50_Value,Nikkei_Value,Total_Value
Monthly,2078.918669702282,53485.551058308156,11076.124380456255,4156.719278118317,70797.31338658501
Quarterly,2078.122433331429,53937.78402340444,11078.496805271028,4191.87719188783,71286.28045389474
Yearly,2057.3950543120277,53450.71845385998,11015.792232352107,4147.795700471605,70671.70144099572
